{"cameraMode":{"drawMode":0,"name":"Shaded","section":"Shading Mode"},"sceneLighting":false,"audioPlay":false,"sceneViewState":{"m_AlwaysRefresh":true,"showFog":true,"showSkybox":false,"showFlares":true,"showImageEffects":true,"showParticleSystems":true,"showVisualEffectGraphs":true,"m_FxEnabled":true},"in2DMode":false,"pivot":{"x":0.0011962652206420899,"y":-0.11336621642112732,"z":-0.36611679196357729},"rotation":{"x":0.03324612230062485,"y":-0.9581547975540161,"z":0.2562353014945984,"w":0.12437575310468674},"size":0.37888720631599429,"orthographic":false}