{"cameraMode":{"drawMode":0,"name":"Shaded","section":"Shading Mode"},"sceneLighting":false,"audioPlay":false,"sceneViewState":{"m_AlwaysRefresh":true,"showFog":true,"showSkybox":false,"showFlares":true,"showImageEffects":true,"showParticleSystems":true,"showVisualEffectGraphs":true,"m_FxEnabled":true},"in2DMode":false,"pivot":{"x":0.21142280101776124,"y":1.2603131532669068,"z":0.02237004041671753},"rotation":{"x":-0.15165263414382935,"y":-0.7039681673049927,"z":0.15804989635944367,"w":-0.6757376194000244},"size":1.1445088386535645,"orthographic":false}