{"cameraMode":{"drawMode":0,"name":"Shaded","section":"Shading Mode"},"sceneLighting":false,"audioPlay":false,"sceneViewState":{"m_AlwaysRefresh":true,"showFog":true,"showSkybox":false,"showFlares":true,"showImageEffects":true,"showParticleSystems":true,"showVisualEffectGraphs":true,"m_FxEnabled":true},"in2DMode":false,"pivot":{"x":0.045884668827056888,"y":-0.01701018214225769,"z":0.25156068801879885},"rotation":{"x":0.05562587082386017,"y":0.8545477390289307,"z":-0.09273102879524231,"w":0.5086252689361572},"size":0.38936102390289309,"orthographic":false}