{"cameraMode":{"drawMode":0,"name":"Shaded","section":"Shading Mode"},"sceneLighting":false,"audioPlay":false,"sceneViewState":{"m_AlwaysRefresh":true,"showFog":true,"showSkybox":false,"showFlares":true,"showImageEffects":true,"showParticleSystems":true,"showVisualEffectGraphs":true,"m_FxEnabled":true},"in2DMode":false,"pivot":{"x":-0.18311965465545655,"y":0.30019837617874148,"z":-0.006479978561401367},"rotation":{"x":-0.11696712672710419,"y":0.8768905997276306,"z":-0.2655377984046936,"w":-0.38394442200660708},"size":0.8961455821990967,"orthographic":false}