{"cameraMode":{"drawMode":0,"name":"Shaded","section":"Shading Mode"},"sceneLighting":false,"audioPlay":false,"sceneViewState":{"m_AlwaysRefresh":false,"showFog":true,"showSkybox":false,"showFlares":true,"showImageEffects":true,"showParticleSystems":true,"showVisualEffectGraphs":true,"m_FxEnabled":true},"in2DMode":false,"pivot":{"x":4.8656463623046879,"y":0.12794482707977296,"z":-0.45268917083740237},"rotation":{"x":0.27138572931289675,"y":-0.011195240542292595,"z":0.0034385905601084234,"w":0.9625705480575562},"size":1.5217549800872803,"orthographic":false}