{"cameraMode":{"drawMode":0,"name":"Shaded","section":"Shading Mode"},"sceneLighting":false,"audioPlay":false,"sceneViewState":{"m_AlwaysRefresh":false,"showFog":true,"showSkybox":false,"showFlares":true,"showImageEffects":true,"showParticleSystems":true,"showVisualEffectGraphs":true,"m_FxEnabled":true},"in2DMode":false,"pivot":{"x":-0.06343082338571549,"y":1.0478999614715577,"z":2.980232238769531e-7},"rotation":{"x":0.1627359241247177,"y":0.7554224133491516,"z":-0.20074237883090974,"w":0.6025633215904236},"size":1.1616801023483277,"orthographic":false}