{"cameraMode":{"drawMode":0,"name":"Shaded","section":"Shading Mode"},"sceneLighting":false,"audioPlay":false,"sceneViewState":{"m_AlwaysRefresh":false,"showFog":true,"showSkybox":false,"showFlares":true,"showImageEffects":true,"showParticleSystems":true,"showVisualEffectGraphs":true,"m_FxEnabled":true},"in2DMode":false,"pivot":{"x":1.3541812896728516,"y":-0.4178898334503174,"z":3.4036736488342287},"rotation":{"x":0.1465080827474594,"y":0.6974552869796753,"z":-0.14672249555587769,"w":0.6863017678260803},"size":1.4660255908966065,"orthographic":false}