{"cameraMode":{"drawMode":0,"name":"Shaded","section":"Shading Mode"},"sceneLighting":false,"audioPlay":false,"sceneViewState":{"m_AlwaysRefresh":true,"showFog":true,"showSkybox":false,"showFlares":true,"showImageEffects":true,"showParticleSystems":true,"showVisualEffectGraphs":true,"m_FxEnabled":true},"in2DMode":false,"pivot":{"x":-3.315310001373291,"y":11.074722290039063,"z":10.722126007080079},"rotation":{"x":0.07280893623828888,"y":0.923689603805542,"z":-0.30496925115585329,"w":0.22046035528182984},"size":1.9136040210723878,"orthographic":false}