{"cameraMode":{"drawMode":0,"name":"Shaded","section":"Shading Mode"},"sceneLighting":false,"audioPlay":false,"sceneViewState":{"m_AlwaysRefresh":true,"showFog":true,"showSkybox":false,"showFlares":true,"showImageEffects":true,"showParticleSystems":true,"showVisualEffectGraphs":true,"m_FxEnabled":true},"in2DMode":false,"pivot":{"x":0.6901453733444214,"y":-0.35196471214294436,"z":2.525294065475464},"rotation":{"x":-0.011220365762710572,"y":0.916646420955658,"z":-0.3988400995731354,"w":-0.025872815400362016},"size":5.937135219573975,"orthographic":false}