{"cameraMode":{"drawMode":0,"name":"Shaded","section":"Shading Mode"},"sceneLighting":false,"audioPlay":false,"sceneViewState":{"m_AlwaysRefresh":true,"showFog":true,"showSkybox":false,"showFlares":true,"showImageEffects":true,"showParticleSystems":true,"showVisualEffectGraphs":true,"m_FxEnabled":true},"in2DMode":false,"pivot":{"x":-1.1936469078063965,"y":1.5075234174728394,"z":-7.567429542541504},"rotation":{"x":-0.01624561846256256,"y":0.9723706245422363,"z":-0.22194018959999085,"w":-0.07131488621234894},"size":1.3456177711486817,"orthographic":false}