{"cameraMode":{"drawMode":0,"name":"Shaded","section":"Shading Mode"},"sceneLighting":false,"audioPlay":false,"sceneViewState":{"m_AlwaysRefresh":true,"showFog":true,"showSkybox":false,"showFlares":true,"showImageEffects":true,"showParticleSystems":true,"showVisualEffectGraphs":true,"m_FxEnabled":true},"in2DMode":false,"pivot":{"x":-0.40429800748825076,"y":1.2127180099487305,"z":-0.1919194459915161},"rotation":{"x":0.01938525401055813,"y":0.9061335325241089,"z":-0.42138800024986269,"w":0.04053958132863045},"size":0.7801625728607178,"orthographic":false}