{"cameraMode":{"drawMode":0,"name":"Shaded","section":"Shading Mode"},"sceneLighting":false,"audioPlay":false,"sceneViewState":{"m_AlwaysRefresh":false,"showFog":true,"showSkybox":false,"showFlares":true,"showImageEffects":true,"showParticleSystems":true,"showVisualEffectGraphs":true,"m_FxEnabled":true},"in2DMode":false,"pivot":{"x":-0.1694774329662323,"y":0.15996143221855164,"z":0.21694600582122804},"rotation":{"x":-0.03129500523209572,"y":0.9544918537139893,"z":-0.10813591629266739,"w":-0.27622801065444949},"size":0.6867961883544922,"orthographic":false}