{"cameraMode":{"drawMode":0,"name":"Shaded","section":"Shading Mode"},"sceneLighting":false,"audioPlay":false,"sceneViewState":{"m_AlwaysRefresh":false,"showFog":true,"showSkybox":false,"showFlares":true,"showImageEffects":true,"showParticleSystems":true,"showVisualEffectGraphs":true,"m_FxEnabled":true},"in2DMode":false,"pivot":{"x":-0.015095710754394532,"y":1.034999966621399,"z":-0.017263412475585939},"rotation":{"x":-0.07706227898597717,"y":0.8707112669944763,"z":-0.4636557996273041,"w":-0.14471650123596192},"size":14.476462364196778,"orthographic":false}