{"cameraMode":{"drawMode":0,"name":"Shaded","section":"Shading Mode"},"sceneLighting":false,"audioPlay":false,"sceneViewState":{"m_AlwaysRefresh":false,"showFog":true,"showSkybox":false,"showFlares":true,"showImageEffects":true,"showParticleSystems":true,"showVisualEffectGraphs":true,"m_FxEnabled":true},"in2DMode":false,"pivot":{"x":-0.20778942108154298,"y":1.1821597814559937,"z":1.1999075412750245},"rotation":{"x":-0.06996919959783554,"y":0.8591194748878479,"z":-0.12224108725786209,"w":-0.4921264350414276},"size":5.205619812011719,"orthographic":false}