{"cameraMode":{"drawMode":0,"name":"Shaded","section":"Shading Mode"},"sceneLighting":false,"audioPlay":false,"sceneViewState":{"m_AlwaysRefresh":true,"showFog":true,"showSkybox":false,"showFlares":true,"showImageEffects":true,"showParticleSystems":true,"showVisualEffectGraphs":true,"m_FxEnabled":true},"in2DMode":false,"pivot":{"x":-0.0687347948551178,"y":0.02212078869342804,"z":-0.005201771855354309},"rotation":{"x":0.00046246283454820514,"y":0.9987254738807678,"z":-0.048285819590091708,"w":0.010468786582350731},"size":0.2300579696893692,"orthographic":false}