{"cameraMode":{"drawMode":0,"name":"Shaded","section":"Shading Mode"},"sceneLighting":false,"audioPlay":false,"sceneViewState":{"m_AlwaysRefresh":true,"showFog":true,"showSkybox":false,"showFlares":true,"showImageEffects":true,"showParticleSystems":true,"showVisualEffectGraphs":true,"m_FxEnabled":true},"in2DMode":false,"pivot":{"x":-0.11278137564659119,"y":0.02913607656955719,"z":-0.2981494069099426},"rotation":{"x":0.004316773731261492,"y":0.9925761818885803,"z":-0.03755102679133415,"w":0.11513590812683106},"size":0.2977789640426636,"orthographic":false}