{"cameraMode":{"drawMode":0,"name":"Shaded","section":"Shading Mode"},"sceneLighting":false,"audioPlay":false,"sceneViewState":{"m_AlwaysRefresh":false,"showFog":true,"showSkybox":false,"showFlares":true,"showImageEffects":true,"showParticleSystems":true,"showVisualEffectGraphs":true,"m_FxEnabled":true},"in2DMode":false,"pivot":{"x":0.896226704120636,"y":0.37359046936035159,"z":-0.33280080556869509},"rotation":{"x":-0.052420876920223239,"y":-0.7708863019943237,"z":0.06398314982652664,"w":-0.6315796971321106},"size":1.519830584526062,"orthographic":false}