{"cameraMode":{"drawMode":0,"name":"Shaded","section":"Shading Mode"},"sceneLighting":true,"audioPlay":false,"sceneViewState":{"m_AlwaysRefresh":false,"showFog":true,"showSkybox":true,"showFlares":true,"showImageEffects":true,"showParticleSystems":true,"showVisualEffectGraphs":true,"m_FxEnabled":true},"in2DMode":false,"pivot":{"x":-15.94100570678711,"y":10.320602416992188,"z":-12.554265975952149},"rotation":{"x":-0.43508487939834597,"y":-0.026517055928707124,"z":0.012681440450251103,"w":-0.8999696969985962},"size":30.435317993164064,"orthographic":false}