{"cameraMode":{"drawMode":0,"name":"Shaded","section":"Shading Mode"},"sceneLighting":false,"audioPlay":false,"sceneViewState":{"m_AlwaysRefresh":false,"showFog":true,"showSkybox":false,"showFlares":true,"showImageEffects":true,"showParticleSystems":true,"showVisualEffectGraphs":true,"m_FxEnabled":true},"in2DMode":false,"pivot":{"x":-0.011129751801490784,"y":0.020705603063106538,"z":0.016085632145404817},"rotation":{"x":-0.03679502382874489,"y":-0.6835453510284424,"z":0.033559929579496387,"w":-0.7284625172615051},"size":0.484728068113327,"orthographic":false}