{"cameraMode":{"drawMode":0,"name":"Shaded","section":"Shading Mode"},"sceneLighting":false,"audioPlay":false,"sceneViewState":{"m_AlwaysRefresh":true,"showFog":true,"showSkybox":false,"showFlares":true,"showImageEffects":true,"showParticleSystems":true,"showVisualEffectGraphs":true,"m_FxEnabled":true},"in2DMode":false,"pivot":{"x":-0.0030679553747177126,"y":0.407397985458374,"z":0.2606956958770752},"rotation":{"x":-0.03386050462722778,"y":0.9524282813072205,"z":-0.1120629832148552,"w":-0.2821163833141327},"size":0.5058601498603821,"orthographic":false}