{"cameraMode":{"drawMode":0,"name":"Shaded","section":"Shading Mode"},"sceneLighting":false,"audioPlay":false,"sceneViewState":{"m_AlwaysRefresh":true,"showFog":true,"showSkybox":false,"showFlares":true,"showImageEffects":true,"showParticleSystems":true,"showVisualEffectGraphs":true,"m_FxEnabled":true},"in2DMode":false,"pivot":{"x":-0.46604007482528689,"y":0.32062727212905886,"z":-0.11870253086090088},"rotation":{"x":-0.0008197518181987107,"y":1.00001859664917,"z":-0.013802247121930123,"w":-0.013542947359383107},"size":1.116760492324829,"orthographic":false}