{"cameraMode":{"drawMode":0,"name":"Shaded","section":"Shading Mode"},"sceneLighting":true,"audioPlay":false,"sceneViewState":{"m_AlwaysRefresh":true,"showFog":true,"showSkybox":true,"showFlares":true,"showImageEffects":true,"showParticleSystems":true,"showVisualEffectGraphs":true,"m_FxEnabled":true},"in2DMode":false,"pivot":{"x":1.5920732021331788,"y":0.09057283401489258,"z":7.023283004760742},"rotation":{"x":-0.38280272483825686,"y":-0.2126433253288269,"z":0.09100117534399033,"w":-0.8944233059883118},"size":11.55915641784668,"orthographic":false}