{"cameraMode":{"drawMode":0,"name":"Shaded","section":"Shading Mode"},"sceneLighting":true,"audioPlay":false,"sceneViewState":{"m_AlwaysRefresh":true,"showFog":true,"showSkybox":true,"showFlares":true,"showImageEffects":true,"showParticleSystems":true,"showVisualEffectGraphs":true,"m_FxEnabled":true},"in2DMode":false,"pivot":{"x":-3.3467020988464357,"y":0.9749523997306824,"z":1.3124587535858155},"rotation":{"x":0.16290251910686494,"y":0.8194838166236877,"z":-0.28544458746910097,"w":0.46993857622146609},"size":0.9383723139762878,"orthographic":false}