{"cameraMode":{"drawMode":0,"name":"Shaded","section":"Shading Mode"},"sceneLighting":true,"audioPlay":false,"sceneViewState":{"m_AlwaysRefresh":true,"showFog":true,"showSkybox":true,"showFlares":true,"showImageEffects":true,"showParticleSystems":true,"showVisualEffectGraphs":true,"m_FxEnabled":true},"in2DMode":false,"pivot":{"x":-10.668951034545899,"y":1.5642801523208619,"z":3.2768685817718508},"rotation":{"x":-0.005703042261302471,"y":0.7447453141212463,"z":-0.005378060974180698,"w":-0.667692244052887},"size":3.647782325744629,"orthographic":false}