{"cameraMode":{"drawMode":0,"name":"Shaded","section":"Shading Mode"},"sceneLighting":true,"audioPlay":false,"sceneViewState":{"m_AlwaysRefresh":true,"showFog":true,"showSkybox":true,"showFlares":true,"showImageEffects":true,"showParticleSystems":true,"showVisualEffectGraphs":true,"m_FxEnabled":true},"in2DMode":false,"pivot":{"x":1.3285226821899415,"y":31.3800048828125,"z":3.8236751556396486},"rotation":{"x":-0.11308050900697708,"y":-0.7925423383712769,"z":0.15480400621891023,"w":-0.5789341926574707},"size":12.539731979370118,"orthographic":false}