{"cameraMode":{"drawMode":0,"name":"Shaded","section":"Shading Mode"},"sceneLighting":true,"audioPlay":false,"sceneViewState":{"m_AlwaysRefresh":true,"showFog":true,"showSkybox":true,"showFlares":true,"showImageEffects":true,"showParticleSystems":true,"showVisualEffectGraphs":true,"m_FxEnabled":true},"in2DMode":false,"pivot":{"x":16.13628387451172,"y":-16.44038200378418,"z":13.046966552734375},"rotation":{"x":-0.29172974824905398,"y":-0.49742650985717776,"z":0.18262875080108643,"w":-0.7964986562728882},"size":23.284862518310548,"orthographic":false}