{"cameraMode":{"drawMode":0,"name":"Shaded","section":"Shading Mode"},"sceneLighting":true,"audioPlay":false,"sceneViewState":{"m_AlwaysRefresh":true,"showFog":true,"showSkybox":true,"showFlares":true,"showImageEffects":true,"showParticleSystems":true,"showVisualEffectGraphs":true,"m_FxEnabled":true},"in2DMode":false,"pivot":{"x":-4.680217742919922,"y":0.8672139644622803,"z":4.267176628112793},"rotation":{"x":0.10996450483798981,"y":0.256653368473053,"z":-0.030407393351197244,"w":0.9599884152412415},"size":1.2760828733444214,"orthographic":false}