{"cameraMode":{"drawMode":0,"name":"Shaded","section":"Shading Mode"},"sceneLighting":true,"audioPlay":false,"sceneViewState":{"m_AlwaysRefresh":true,"showFog":true,"showSkybox":true,"showFlares":true,"showImageEffects":true,"showParticleSystems":true,"showVisualEffectGraphs":true,"m_FxEnabled":true},"in2DMode":false,"pivot":{"x":3.8270952701568605,"y":3.4300167560577394,"z":64.51255798339844},"rotation":{"x":-0.30142030119895937,"y":-0.6506763100624085,"z":0.31418728828430178,"w":-0.6226845383644104},"size":3.093315839767456,"orthographic":false}