{"cameraMode":{"drawMode":0,"name":"Shaded","section":"Shading Mode"},"sceneLighting":true,"audioPlay":false,"sceneViewState":{"m_AlwaysRefresh":true,"showFog":true,"showSkybox":true,"showFlares":true,"showImageEffects":true,"showParticleSystems":true,"showVisualEffectGraphs":true,"m_FxEnabled":true},"in2DMode":false,"pivot":{"x":0.28176259994506838,"y":0.49075424671173098,"z":-0.0842742919921875},"rotation":{"x":-0.04871683940291405,"y":-0.9438791871070862,"z":0.1618407517671585,"w":-0.2841658592224121},"size":2.389512538909912,"orthographic":false}