{"cameraMode":{"drawMode":0,"name":"Shaded","section":"Shading Mode"},"sceneLighting":true,"audioPlay":false,"sceneViewState":{"m_AlwaysRefresh":true,"showFog":true,"showSkybox":true,"showFlares":true,"showImageEffects":true,"showParticleSystems":true,"showVisualEffectGraphs":true,"m_FxEnabled":true},"in2DMode":false,"pivot":{"x":-1.8646389245986939,"y":1.0386558771133423,"z":1.1773545742034913},"rotation":{"x":-0.09026049077510834,"y":-0.48413005471229555,"z":0.05096028000116348,"w":-0.8691484928131104},"size":0.9665111899375916,"orthographic":false}