{"cameraMode":{"drawMode":0,"name":"Shaded","section":"Shading Mode"},"sceneLighting":true,"audioPlay":false,"sceneViewState":{"m_AlwaysRefresh":true,"showFog":true,"showSkybox":true,"showFlares":true,"showImageEffects":true,"showParticleSystems":true,"showVisualEffectGraphs":true,"m_FxEnabled":true},"in2DMode":false,"pivot":{"x":-14.097086906433106,"y":-9.643750190734864,"z":7.495562553405762},"rotation":{"x":0.28005361557006838,"y":-0.40029242634773257,"z":0.12978319823741914,"w":0.8627632260322571},"size":11.726579666137696,"orthographic":false}