{"cameraMode":{"drawMode":0,"name":"Shaded","section":"Shading Mode"},"sceneLighting":true,"audioPlay":false,"sceneViewState":{"m_AlwaysRefresh":true,"showFog":true,"showSkybox":true,"showFlares":true,"showImageEffects":true,"showParticleSystems":true,"showVisualEffectGraphs":true,"m_FxEnabled":true},"in2DMode":false,"pivot":{"x":4.003844261169434,"y":0.9079222679138184,"z":-22.993101119995118},"rotation":{"x":0.05223952978849411,"y":0.9284846782684326,"z":-0.14510835707187653,"w":0.338443398475647},"size":0.5921190977096558,"orthographic":false}