{"cameraMode":{"drawMode":0,"name":"Shaded","section":"Shading Mode"},"sceneLighting":true,"audioPlay":false,"sceneViewState":{"m_AlwaysRefresh":true,"showFog":true,"showSkybox":true,"showFlares":true,"showImageEffects":true,"showParticleSystems":true,"showVisualEffectGraphs":true,"m_FxEnabled":true},"in2DMode":false,"pivot":{"x":-1.8646389245986939,"y":1.0386558771133423,"z":1.1773545742034913},"rotation":{"x":-0.06705615669488907,"y":0.6425302028656006,"z":-0.05578111112117767,"w":-0.761638343334198},"size":2.6629295349121095,"orthographic":false}