{"cameraMode":{"drawMode":0,"name":"Shaded","section":"Shading Mode"},"sceneLighting":true,"audioPlay":false,"sceneViewState":{"m_AlwaysRefresh":true,"showFog":true,"showSkybox":true,"showFlares":true,"showImageEffects":true,"showParticleSystems":true,"showVisualEffectGraphs":true,"m_FxEnabled":true},"in2DMode":false,"pivot":{"x":3.648669958114624,"y":-3.7613463401794435,"z":-60.36201477050781},"rotation":{"x":0.00046246283454820514,"y":0.9987254738807678,"z":-0.048285819590091708,"w":0.010468786582350731},"size":27.37004852294922,"orthographic":false}