{"cameraMode":{"drawMode":0,"name":"Shaded","section":"Shading Mode"},"sceneLighting":true,"audioPlay":false,"sceneViewState":{"m_AlwaysRefresh":true,"showFog":true,"showSkybox":true,"showFlares":true,"showImageEffects":true,"showParticleSystems":true,"showVisualEffectGraphs":true,"m_FxEnabled":true},"in2DMode":false,"pivot":{"x":-1.1134840250015259,"y":2.0444588661193849,"z":-1.4021553993225098},"rotation":{"x":-0.34551143646240237,"y":-0.020606664940714837,"z":0.008466072380542755,"w":-0.9383935928344727},"size":1.3878765106201172,"orthographic":false}