{"cameraMode":{"drawMode":0,"name":"Shaded","section":"Shading Mode"},"sceneLighting":false,"audioPlay":false,"sceneViewState":{"m_AlwaysRefresh":true,"showFog":true,"showSkybox":false,"showFlares":true,"showImageEffects":true,"showParticleSystems":true,"showVisualEffectGraphs":true,"m_FxEnabled":true},"in2DMode":false,"pivot":{"x":-2.4042420387268068,"y":-0.36495983600616457,"z":1.017277479171753},"rotation":{"x":0.3355022668838501,"y":0.12468872964382172,"z":-0.04502847418189049,"w":0.9327346086502075},"size":5.986520290374756,"orthographic":false}