{"cameraMode":{"drawMode":0,"name":"Shaded","section":"Shading Mode"},"sceneLighting":false,"audioPlay":false,"sceneViewState":{"m_AlwaysRefresh":true,"showFog":true,"showSkybox":false,"showFlares":true,"showImageEffects":true,"showParticleSystems":true,"showVisualEffectGraphs":true,"m_FxEnabled":true},"in2DMode":false,"pivot":{"x":0.326704740524292,"y":-0.03903466463088989,"z":0.11169557273387909},"rotation":{"x":-0.0417601503431797,"y":-0.9573809504508972,"z":0.17901314795017243,"w":-0.22420397400856019},"size":0.6415385007858276,"orthographic":false}