{"cameraMode":{"drawMode":0,"name":"Shaded","section":"Shading Mode"},"sceneLighting":false,"audioPlay":false,"sceneViewState":{"m_AlwaysRefresh":false,"showFog":true,"showSkybox":false,"showFlares":true,"showImageEffects":true,"showParticleSystems":true,"showVisualEffectGraphs":true,"m_FxEnabled":true},"in2DMode":false,"pivot":{"x":1.017867088317871,"y":1.8256551027297974,"z":0.5607048869132996},"rotation":{"x":-0.1746729463338852,"y":0.7034446597099304,"z":-0.18849068880081178,"w":-0.6631227135658264},"size":0.36877837777137759,"orthographic":false}